[{"id":1,"location_address":"Kolkata, West Bengal, India","latitude":"22.572646","longitude":"88.36389499999996","add_publically":0,"user_id":1},{"id":5,"location_address":"Howrah, West Bengal, India","latitude":"22.5957689","longitude":"88.26363939999999","add_publically":1,"user_id":1},{"id":7,"location_address":"Delhi, India","latitude":"28.7040592","longitude":"77.10249019999992","add_publically":1,"user_id":1},{"id":10,"location_address":"Mumbai, Maharashtra, India","latitude":"19.0759837","longitude":"72.87765590000004","add_publically":1,"user_id":1},{"id":11,"location_address":"Mumbai, Maharashtra, India","latitude":"19.0759837","longitude":"72.87765590000004","add_publically":1,"user_id":1},{"id":12,"location_address":"Mohali, Punjab, India","latitude":"","longitude":"","add_publically":1,"user_id":1}]